name,Price
"Kylian Mbappe
Frankrig - Angreb",10000000.0
"Harry Kane
England - Angreb",9000000.0
"Romelu Lukaku
Belgien - Angreb",8000000.0
"Jude Bellingham
England - Midtbane",8000000.0
"Cristiano Ronaldo
Portugal - Angreb",8000000.0
"Phil Foden
England - Angreb",7500000.0
"Kevin De Bruyne
Belgien - Midtbane",7000000.0
"Antoine Griezmann
Frankrig - Angreb",7000000.0
"Jamal Musiala
Tyskland - Midtbane",7000000.0
"Kai Havertz
Tyskland - Angreb",7000000.0
"Bruno Fernandes
Portugal - Midtbane",7000000.0
"Joselu Sanmartin
Spanien - Angreb",7000000.0
"Bukayo Saka
England - Angreb",7000000.0
"Ousmane Dembele
Frankrig - Angreb",6500000.0
"Florian Wirtz
Tyskland - Midtbane",6500000.0
"Niclas Füllkrug
Tyskland - Angreb",6500000.0
"Leroy Sane
Tyskland - Midtbane",6500000.0
"Federico Chiesa
Italien - Midtbane",6500000.0
"Alvaro Morata
Spanien - Angreb",6500000.0
"Bernardo Silva
Portugal - Angreb",6500000.0
"Lois Openda
Belgien - Angreb",6000000.0
"Olivier Giroud
Frankrig - Angreb",6000000.0
"Memphis Depay
Holland - Angreb",6000000.0
"Robert Lewandowski
Polen - Angreb",6000000.0
"Rasmus Højlund
Danmark - Angreb",5500000.0
"Jordan Pickford
England - Mål",5500000.0
"Cole Palmer
England - Midtbane",5500000.0
"Mike Maignan
Frankrig - Mål",5500000.0
"Marcus Thuram
Frankrig - Angreb",5500000.0
"Marc-Andre ter Stegen
Tyskland - Mål",5500000.0
"Cody Gakpo
Holland - Angreb",5500000.0
"Diogo Costa
Portugal - Mål",5500000.0
"João Felix
Portugal - Angreb",5500000.0
"Artem Dovbyk
Ukraine - Angreb",5500000.0
"Manuel Neuer
Tyskland - Mål",5500000.0
"Matz Sels
Belgien - Mål",5000000.0
"Kyle Walker
England - Forsvar",5000000.0
"Aaron Ramsdale
England - Mål",5000000.0
"Theo Hernandez
Frankrig - Forsvar",5000000.0
"Brice Samba
Frankrig - Mål",5000000.0
"Joshua Kimmich
Tyskland - Forsvar",5000000.0
"Ilkay Gündogan
Tyskland - Midtbane",5000000.0
"Gianluigi Donnarumma
Italien - Mål",5000000.0
"Nicolo Barella
Italien - Midtbane",5000000.0
"Giacomo Raspadori
Italien - Angreb",5000000.0
"Jeremie Frimpong
Holland - Forsvar",5000000.0
"Rui Patricio
Portugal - Mål",5000000.0
"João Cancelo
Portugal - Forsvar",5000000.0
"Aleksandar Mitrovic
Serbien - Angreb",5000000.0
"Dusan Vlahovic
Serbien - Angreb",5000000.0
"Benjamin Sesko
Slovenien - Angreb",5000000.0
"Unai Simon
Spanien - Mål",5000000.0
"Rodri Hernandez
Spanien - Midtbane",5000000.0
"Daniel Olmo
Spanien - Angreb",5000000.0
"Diogo Jota
Portugal - Angreb",5000000.0
"Koen Casteels
Belgien - Mål",4500000.0
"Jeremy Doku
Belgien - Midtbane",4500000.0
"Leandro Trossard
Belgien - Midtbane",4500000.0
"Patrik Schick
Tjekkiet - Angreb",4500000.0
"Trent Alexander-Arnold
England - Forsvar",4500000.0
"Ollie Watkins
England - Angreb",4500000.0
"James Maddison
England - Angreb",4500000.0
"John Stones
England - Forsvar",4500000.0
"Conor Gallagher
England - Midtbane",4500000.0
"Declan Rice
England - Midtbane",4500000.0
"Benjamin Pavard
Frankrig - Forsvar",4500000.0
"Randal Kolo Muani
Frankrig - Angreb",4500000.0
"Alphonse Areola
Frankrig - Mål",4500000.0
"Oliver Baumann
Tyskland - Mål",4500000.0
"Antonio Rüdiger
Tyskland - Forsvar",4500000.0
"Jonathan Tah
Tyskland - Forsvar",4500000.0
"Thomas Müller
Tyskland - Angreb",4500000.0
"Dominik Szoboszlai
Ungarn - Midtbane",4500000.0
"Alex Meret
Italien - Mål",4500000.0
"Guglielmo Vicario
Italien - Mål",4500000.0
"Federico Dimarco
Italien - Forsvar",4500000.0
"Mateo Retegui
Italien - Angreb",4500000.0
"Bart Verbruggen
Holland - Mål",4500000.0
"Denzel Dumfries
Holland - Forsvar",4500000.0
"Xavi Simons
Holland - Midtbane",4500000.0
"Jose Sa
Portugal - Mål",4500000.0
"Ruben Dias
Portugal - Forsvar",4500000.0
"Rafael Leão
Portugal - Angreb",4500000.0
"Goncalo Ramos
Portugal - Angreb",4500000.0
"David Raya
Spanien - Mål",4500000.0
"Daniel Carvajal
Spanien - Forsvar",4500000.0
"Mikel Oyarzabal
Spanien - Angreb",4500000.0
"Pablo Sarabia
Spanien - Angreb",4500000.0
"Mohamed Zeki Amdouni
Schweiz - Angreb",4500000.0
"Harry Maguire
England - Forsvar",4500000.0
"Ferran Torres
Spanien - Angreb",4500000.0
"Andreas Skov Olsen
Danmark - Angreb",4500000.0
"Alexander Nübel
Tyskland - Mål",4500000.0
"Dean Henderson
England - Mål",4500000.0
"Teun Koopmeiners
Holland - Midtbane",4500000.0
"Marcel Sabitzer
Østrig - Midtbane",4000000.0
"Michael Gregoritsch
Østrig - Angreb",4000000.0
"Arnaud Bodart
Belgien - Mål",4000000.0
"Thomas Kaminski
Belgien - Mål",4000000.0
"Youri Tielemans
Belgien - Midtbane",4000000.0
"Yannick Carrasco
Belgien - Midtbane",4000000.0
"Dominik Livakovic
Kroatien - Mål",4000000.0
"Luka Modric
Kroatien - Midtbane",4000000.0
"Andrej Kramaric
Kroatien - Angreb",4000000.0
"Matej Kovar
Tjekkiet - Mål",4000000.0
"Tomas Soucek
Tjekkiet - Midtbane",4000000.0
"Kasper Schmeichel
Danmark - Mål",4000000.0
"Christian Eriksen
Danmark - Midtbane",4000000.0
"Kieran Trippier
England - Forsvar",4000000.0
"Adrien Rabiot
Frankrig - Midtbane",4000000.0
"Dayot Upamecano
Frankrig - Forsvar",4000000.0
"Ibrahima Konate
Frankrig - Forsvar",4000000.0
"William Saliba
Frankrig - Forsvar",4000000.0
"Aurelien Tchouameni
Frankrig - Midtbane",4000000.0
"Khvicha Kvaratskhelia
Georgien - Midtbane",4000000.0
"Toni Kroos
Tyskland - Midtbane",4000000.0
"Alessandro Bastoni
Italien - Forsvar",4000000.0
"Giovanni Di Lorenzo
Italien - Forsvar",4000000.0
"Matteo Darmian
Italien - Forsvar",4000000.0
"Jorginho
Italien - Midtbane",4000000.0
"Davide Frattesi
Italien - Midtbane",4000000.0
"Riccardo Orsolini
Italien - Angreb",4000000.0
"Mark Flekken
Holland - Mål",4000000.0
"Nathan Ake
Holland - Forsvar",4000000.0
"Virgil van Dijk
Holland - Forsvar",4000000.0
"Tijjani Reijnders
Holland - Midtbane",4000000.0
"Wout Weghorst
Holland - Angreb",4000000.0
"Diogo Dalot
Portugal - Forsvar",4000000.0
"Scott McTominay
Skotland - Midtbane",4000000.0
"Dusan Tadic
Serbien - Midtbane",4000000.0
"Alejandro 'Alex' Remiro
Spanien - Mål",4000000.0
"Robin Le Normand
Spanien - Forsvar",4000000.0
"Aymeric Laporte
Spanien - Forsvar",4000000.0
"Alejandro 'Alex' Grimaldo
Spanien - Forsvar",4000000.0
"Fabian Ruiz
Spanien - Midtbane",4000000.0
"Gerard Moreno
Spanien - Angreb",4000000.0
"Nico Williams
Spanien - Angreb",4000000.0
"Lamine Yamal
Spanien - Angreb",4000000.0
"Yann Sommer
Schweiz - Mål",4000000.0
"Mykhailo Mudryk
Ukraine - Midtbane",4000000.0
"Hakan Calhanoglu
Tyrkiet - Midtbane",4000000.0
"Kingsley Coman
Frankrig - Angreb",4000000.0
"Ansu Fati
Spanien - Angreb",4000000.0
"Robert Sanchez
Spanien - Mål",4000000.0
"Jack Grealish
England - Midtbane",4000000.0
"Jiri Pavlenka
Tjekkiet - Mål",4000000.0
"Gianluca Scamacca
Italien - Angreb",4000000.0
"Justin Bijlow
Holland - Mål",4000000.0
"Ivan Provedel
Italien - Mål",4000000.0
"Christoph Baumgartner
Østrig - Midtbane",3500000.0
"Timothy Castagne
Belgien - Forsvar",3500000.0
"Arthur Theate
Belgien - Forsvar",3500000.0
"Johan Bakayoko
Belgien - Midtbane",3500000.0
"Dodi Lukebakio
Belgien - Midtbane",3500000.0
"Michy Batshuayi
Belgien - Angreb",3500000.0
"Ivica Ivusic
Kroatien - Mål",3500000.0
"Josko Gvardiol
Kroatien - Forsvar",3500000.0
"Mario Pasalic
Kroatien - Midtbane",3500000.0
"Lovro Majer
Kroatien - Midtbane",3500000.0
"Jindrich Stanek
Tjekkiet - Mål",3500000.0
"Ladislav Krejci
Tjekkiet - Forsvar",3500000.0
"Antonin Barak
Tjekkiet - Midtbane",3500000.0
"Frederik Rønnow
Danmark - Mål",3500000.0
"Mads Hermansen
Danmark - Mål",3500000.0
"Joakim Mæhle
Danmark - Forsvar",3500000.0
"Pierre-Emile Højbjerg
Danmark - Midtbane",3500000.0
"Jonas Wind
Danmark - Angreb",3500000.0
"Kasper Dolberg
Danmark - Angreb",3500000.0
"Andreas Christensen
Danmark - Forsvar",3500000.0
"Jarrod Bowen
England - Angreb",3500000.0
"Lewis Dunk
England - Forsvar",3500000.0
"Jules Kounde
Frankrig - Forsvar",3500000.0
"Jonathan Clauss
Frankrig - Forsvar",3500000.0
"Eduardo Camavinga
Frankrig - Midtbane",3500000.0
"Youssouf Fofana
Frankrig - Midtbane",3500000.0
"Warren Zaire-Emery
Frankrig - Midtbane",3500000.0
"Maximilian Mittelstädt
Tyskland - Forsvar",3500000.0
"David Raum
Tyskland - Forsvar",3500000.0
"Pascal Gross
Tyskland - Midtbane",3500000.0
"Denes Dibusz
Ungarn - Mål",3500000.0
"Barnabas Varga
Ungarn - Angreb",3500000.0
"Alessandro Buongiorno
Italien - Forsvar",3500000.0
"Lorenzo Pellegrini
Italien - Midtbane",3500000.0
"Matthijs de Ligt
Holland - Forsvar",3500000.0
"Joey Veerman
Holland - Midtbane",3500000.0
"Donyell Malen
Holland - Angreb",3500000.0
"Wojciech Szczesny
Polen - Mål",3500000.0
"Piotr Zielinski
Polen - Midtbane",3500000.0
"Karol Swiderski
Polen - Angreb",3500000.0
"Antonio Silva
Portugal - Forsvar",3500000.0
"João Palhinha
Portugal - Midtbane",3500000.0
"Horatiu Moldovan
Rumænien - Mål",3500000.0
"Nicolae Stanciu
Rumænien - Midtbane",3500000.0
"Denis Alibec
Rumænien - Angreb",3500000.0
"Angus Gunn
Skotland - Mål",3500000.0
"Andy Robertson
Skotland - Forsvar",3500000.0
"John McGinn
Skotland - Midtbane",3500000.0
"Vanja Milinkovic-Savic
Serbien - Mål",3500000.0
"Strahinja Pavlovic
Serbien - Forsvar",3500000.0
"Sergej Milinkovic-Savic
Serbien - Midtbane",3500000.0
"Filip Kostic
Serbien - Midtbane",3500000.0
"Martin Dubravka
Slovakiet - Mål",3500000.0
"Jan Oblak
Slovenien - Mål",3500000.0
"Andraz Sporar
Slovenien - Angreb",3500000.0
"Mikel Merino
Spanien - Midtbane",3500000.0
"Martin Zubimendi
Spanien - Midtbane",3500000.0
"Yvon Mvogo
Schweiz - Mål",3500000.0
"Manuel Akanji
Schweiz - Forsvar",3500000.0
"Remo Freuler
Schweiz - Midtbane",3500000.0
"Xherdan Shaqiri
Schweiz - Midtbane",3500000.0
"Ruben Vargas
Schweiz - Angreb",3500000.0
"Andriy Lunin
Ukraine - Mål",3500000.0
"Anatolii Trubin
Ukraine - Mål",3500000.0
"Viktor Tsygankov
Ukraine - Midtbane",3500000.0
"Georgiy Sudakov
Ukraine - Midtbane",3500000.0
"Roman Yaremchuk
Ukraine - Angreb",3500000.0
"Mert Günok
Tyrkiet - Mål",3500000.0
"Ugurcan Cakir
Tyrkiet - Mål",3500000.0
"Kerem Akturkoglu
Tyrkiet - Midtbane",3500000.0
"Cengiz Ünder
Tyrkiet - Midtbane",3500000.0
"Cenk Tosun
Tyrkiet - Angreb",3500000.0
"Heinz Lindner
Østrig - Mål",3500000.0
"Marko Arnautovic
Østrig - Angreb",3500000.0
"Nico Schlotterbeck
Tyskland - Forsvar",3500000.0
"Gregor Kobel
Schweiz - Mål",3500000.0
"Andriy Yarmolenko
Ukraine - Midtbane",3500000.0
"Marc Guehi
England - Forsvar",3500000.0
"Nick Olij
Holland - Mål",3500000.0
"Frenkie de Jong
Holland - Midtbane",3500000.0
"Steven Bergwijn
Holland - Angreb",3500000.0
"Stephan El Shaarawy
Italien - Angreb",3500000.0
"Etrit Berisha
Albanien - Mål",3000000.0
"Thomas Strakosha
Albanien - Mål",3000000.0
"Berat Djimsiti
Albanien - Forsvar",3000000.0
"Nedim Bajrami
Albanien - Midtbane",3000000.0
"Armando Broja
Albanien - Angreb",3000000.0
"Tobias Lawal
Østrig - Mål",3000000.0
"Patrick Pentz
Østrig - Mål",3000000.0
"Philipp Lienhart
Østrig - Forsvar",3000000.0
"Stefan Posch
Østrig - Forsvar",3000000.0
"Konrad Laimer
Østrig - Midtbane",3000000.0
"Nicolas Seiwald
Østrig - Midtbane",3000000.0
"Patrick Wimmer
Østrig - Midtbane",3000000.0
"Wout Faes
Belgien - Forsvar",3000000.0
"Zeno Debast
Belgien - Forsvar",3000000.0
"Thomas Meunier
Belgien - Forsvar",3000000.0
"Jan Vertonghen
Belgien - Forsvar",3000000.0
"Orel Mangala
Belgien - Midtbane",3000000.0
"Amadou Onana
Belgien - Midtbane",3000000.0
"Charles De Ketelaere
Belgien - Midtbane",3000000.0
"Dominik Kotarski
Kroatien - Mål",3000000.0
"Nediljko Labrovic
Kroatien - Mål",3000000.0
"Josip Juranovic
Kroatien - Forsvar",3000000.0
"Josip Stanisic
Kroatien - Forsvar",3000000.0
"Borna Sosa
Kroatien - Forsvar",3000000.0
"Josip Sutalo
Kroatien - Forsvar",3000000.0
"Mateo Kovacic
Kroatien - Midtbane",3000000.0
"Marcelo Brozovic
Kroatien - Midtbane",3000000.0
"Nikola Vlasic
Kroatien - Midtbane",3000000.0
"Luka Ivanusec
Kroatien - Midtbane",3000000.0
"Bruno Petkovic
Kroatien - Angreb",3000000.0
"Vitezslav Jaros
Tjekkiet - Mål",3000000.0
"Vladimir Coufal
Tjekkiet - Forsvar",3000000.0
"Jakub Brabec
Tjekkiet - Forsvar",3000000.0
"Adam Hlozek
Tjekkiet - Angreb",3000000.0
"Jan Kuchta
Tjekkiet - Angreb",3000000.0
"Tomas Cvancara
Tjekkiet - Angreb",3000000.0
"Joachim Andersen
Danmark - Forsvar",3000000.0
"Simon Kjær
Danmark - Forsvar",3000000.0
"Victor Kristiansen
Danmark - Forsvar",3000000.0
"Mathias Jensen
Danmark - Midtbane",3000000.0
"Matthew O'Riley
Danmark - Midtbane",3000000.0
"Morten Hjulmand
Danmark - Midtbane",3000000.0
"Thomas Delaney
Danmark - Midtbane",3000000.0
"Yussuf Poulsen
Danmark - Angreb",3000000.0
"Christian Nørgaard
Danmark - Midtbane",3000000.0
"Ivan Toney
England - Angreb",3000000.0
"Anthony Gordon
England - Angreb",3000000.0
"Joe Gomez
England - Forsvar",3000000.0
"Ezri Konsa Ngoyo
England - Forsvar",3000000.0
"N'Golo Kante
Frankrig - Midtbane",3000000.0
"Giorgi Mamardashvili
Georgien - Mål",3000000.0
"Giorgi Chakvetadze
Georgien - Midtbane",3000000.0
"Budu Zivzivadze
Georgien - Angreb",3000000.0
"Georges Mikautadze
Georgien - Angreb",3000000.0
"Benjamin Henrichs
Tyskland - Forsvar",3000000.0
"Chris Führich
Tyskland - Midtbane",3000000.0
"Deniz Undav
Tyskland - Angreb",3000000.0
"Peter Gulacsi
Ungarn - Mål",3000000.0
"Willi Orban
Ungarn - Forsvar",3000000.0
"Roland Sallai
Ungarn - Angreb",3000000.0
"Giorgio Scalvini
Italien - Forsvar",3000000.0
"Gianluca Mancini
Italien - Forsvar",3000000.0
"Andrea Cambiaso
Italien - Forsvar",3000000.0
"Mattia Zaccagni
Italien - Midtbane",3000000.0
"Daley Blind
Holland - Forsvar",3000000.0
"Lutsharel Geertruida
Holland - Forsvar",3000000.0
"Marten de Roon
Holland - Midtbane",3000000.0
"Georginio Wijnaldum
Holland - Midtbane",3000000.0
"Marcin Bulka
Polen - Mål",3000000.0
"Lukasz Skorupski
Polen - Mål",3000000.0
"Jakub Kiwior
Polen - Forsvar",3000000.0
"Przemyslaw Frankowski
Polen - Midtbane",3000000.0
"Sebastian Szymanski
Polen - Midtbane",3000000.0
"Nicola Zalewski
Polen - Midtbane",3000000.0
"Goncalo Inacio
Portugal - Forsvar",3000000.0
"Nuno Mendes
Portugal - Forsvar",3000000.0
"Ruben Neves
Portugal - Midtbane",3000000.0
"Danilo Pereira
Portugal - Midtbane",3000000.0
"Vitinha
Portugal - Midtbane",3000000.0
"Otavio
Portugal - Midtbane",3000000.0
"Stefan Tarnovanu
Rumænien - Mål",3000000.0
"Radu Dragusin
Rumænien - Forsvar",3000000.0
"Andrei Burca
Rumænien - Forsvar",3000000.0
"Ianis Hagi
Rumænien - Midtbane",3000000.0
"Valentin Mihaila
Rumænien - Midtbane",3000000.0
"Dennis Man
Rumænien - Midtbane",3000000.0
"Denis-Mihai Dragus
Rumænien - Angreb",3000000.0
"Zander Clark
Skotland - Mål",3000000.0
"Kieran Tierney
Skotland - Forsvar",3000000.0
"Kenny McLean
Skotland - Midtbane",3000000.0
"Lyndon Dykes
Skotland - Angreb",3000000.0
"Predrag Rajkovic
Serbien - Mål",3000000.0
"Djordje Petrovic
Serbien - Mål",3000000.0
"Nikola Milenkovic
Serbien - Forsvar",3000000.0
"Filip Mladenovic
Serbien - Forsvar",3000000.0
"Sasa Lukic
Serbien - Midtbane",3000000.0
"Luka Jovic
Serbien - Angreb",3000000.0
"Andrija Zivkovic
Serbien - Midtbane",3000000.0
"Marek Rodak
Slovakiet - Mål",3000000.0
"Milan Skriniar
Slovakiet - Forsvar",3000000.0
"David Hancko
Slovakiet - Forsvar",3000000.0
"Ondrej Duda
Slovakiet - Midtbane",3000000.0
"Lukas Haraslin
Slovakiet - Midtbane",3000000.0
"Robert Bozenik
Slovakiet - Angreb",3000000.0
"Vid Belec
Slovenien - Mål",3000000.0
"Zan Karnicnik
Slovenien - Forsvar",3000000.0
"Petar Stojanovic
Slovenien - Midtbane",3000000.0
"Adam Gnezda Cerin
Slovenien - Midtbane",3000000.0
"Jan Mlakar
Slovenien - Angreb",3000000.0
"Jesus Navas
Spanien - Forsvar",3000000.0
"Pedro Porro
Spanien - Forsvar",3000000.0
"Ricardo Rodriguez
Schweiz - Forsvar",3000000.0
"Silvan Widmer
Schweiz - Forsvar",3000000.0
"Noah Okafor
Schweiz - Midtbane",3000000.0
"Granit Xhaka
Schweiz - Midtbane",3000000.0
"Georgiy Bushchan
Ukraine - Mål",3000000.0
"Illia Zabarnyi
Ukraine - Forsvar",3000000.0
"Oleksandr Zinchenko
Ukraine - Midtbane",3000000.0
"Ruslan Malinovskyi
Ukraine - Midtbane",3000000.0
"Adam Zrelak
Slovakiet - Angreb",3000000.0
"Jose Luis Gaya
Spanien - Forsvar",3000000.0
"Altay Bayindir
Tyrkiet - Mål",3000000.0
"Ferdi Kadioglu
Tyrkiet - Forsvar",3000000.0
"Ozan Kabak
Tyrkiet - Forsvar",3000000.0
"Orkun Kökcü
Tyrkiet - Midtbane",3000000.0
"Arda Güler
Tyrkiet - Midtbane",3000000.0
"Baris Alper Yilmaz
Tyrkiet - Midtbane",3000000.0
"Milos Veljkovic
Serbien - Forsvar",3000000.0
"Darko Lazovic
Serbien - Midtbane",3000000.0
"Robert Andrich
Tyskland - Midtbane",3000000.0
"Callum McGregor
Skotland - Midtbane",3000000.0
"Francesco Acerbi
Italien - Forsvar",3000000.0
"Bryan Cristante
Italien - Midtbane",3000000.0
"Yukhym Konoplya
Ukraine - Forsvar",3000000.0
"Ferland Mendy
Frankrig - Forsvar",3000000.0
"Breel Embolo
Schweiz - Angreb",3000000.0
"Ivan Perisic
Kroatien - Angreb",3000000.0
"Luka Sucic
Kroatien - Midtbane",3000000.0
"Kobbie Mainoo
England - Midtbane",3000000.0
"Adam Wharton
England - Midtbane",3000000.0
"Stefan de Vrij
Holland - Forsvar",3000000.0
"Brian Brobbey
Holland - Angreb",3000000.0
"Niklas Hedl
Østrig - Mål",3000000.0
"Elhan Kastrati
Albanien - Mål",2500000.0
"Elseid Hysaj
Albanien - Forsvar",2500000.0
"Mario Mitaj
Albanien - Forsvar",2500000.0
"Ylber Ramadani
Albanien - Midtbane",2500000.0
"Kristjan Asllani
Albanien - Midtbane",2500000.0
"Taulant Seferi
Albanien - Angreb",2500000.0
"Sokol Cikalleshi
Albanien - Angreb",2500000.0
"Myrto Uzuni
Albanien - Angreb",2500000.0
"Jasir Asani
Albanien - Angreb",2500000.0
"Phillipp Mwene
Østrig - Forsvar",2500000.0
"Kevin Danso
Østrig - Forsvar",2500000.0
"Maximilian Wöber
Østrig - Forsvar",2500000.0
"Florian Grillitsch
Østrig - Midtbane",2500000.0
"Romano Schmid
Østrig - Midtbane",2500000.0
"Maximilian Entrup
Østrig - Angreb",2500000.0
"Koni de Winter
Belgien - Forsvar",2500000.0
"Aster Vranckx
Belgien - Midtbane",2500000.0
"Leander Dendoncker
Belgien - Midtbane",2500000.0
"Domagoj Vida
Kroatien - Forsvar",2500000.0
"Martin Erlic
Kroatien - Forsvar",2500000.0
"Ante Budimir
Kroatien - Angreb",2500000.0
"David Jurasek
Tjekkiet - Forsvar",2500000.0
"Jaroslav Zeleny
Tjekkiet - Forsvar",2500000.0
"David Zima
Tjekkiet - Forsvar",2500000.0
"Tomas Holes
Tjekkiet - Forsvar",2500000.0
"Lukas Provod
Tjekkiet - Midtbane",2500000.0
"David Doudera
Tjekkiet - Forsvar",2500000.0
"Ondrej Lingr
Tjekkiet - Midtbane",2500000.0
"Tomas Chory
Tjekkiet - Angreb",2500000.0
"Mojmir Chytil
Tjekkiet - Angreb",2500000.0
"Elias Jelert
Danmark - Forsvar",2500000.0
"Jannik Vestergaard
Danmark - Forsvar",2500000.0
"Alexander Bah
Danmark - Forsvar",2500000.0
"Philip Billing
Danmark - Midtbane",2500000.0
"Luka Gugeshashvili
Georgien - Mål",2500000.0
"Giorgi Loria
Georgien - Mål",2500000.0
"Otar Kakabadze
Georgien - Forsvar",2500000.0
"Guram Kashia
Georgien - Forsvar",2500000.0
"Solomon Kvirkvelia
Georgien - Forsvar",2500000.0
"Luka Lochoshvili
Georgien - Forsvar",2500000.0
"Jaba Kankava
Georgien - Midtbane",2500000.0
"Otar Kiteishvili
Georgien - Midtbane",2500000.0
"Levan Shengelia
Georgien - Midtbane",2500000.0
"Zuriko Davitashvili
Georgien - Midtbane",2500000.0
"Waldemar Anton
Tyskland - Forsvar",2500000.0
"Robin Koch
Tyskland - Forsvar",2500000.0
"Maximilian Beier
Tyskland - Angreb",2500000.0
"Bendeguz Bolla
Ungarn - Forsvar",2500000.0
"Milos Kerkez
Ungarn - Forsvar",2500000.0
"Adam Lang
Ungarn - Forsvar",2500000.0
"Zsolt Nagy
Ungarn - Forsvar",2500000.0
"Attila Szalai
Ungarn - Forsvar",2500000.0
"Adam Nagy
Ungarn - Midtbane",2500000.0
"Loic Nego
Ungarn - Midtbane",2500000.0
"Andras Schäfer
Ungarn - Midtbane",2500000.0
"Callum Styles
Ungarn - Midtbane",2500000.0
"Martin Adam
Ungarn - Angreb",2500000.0
"Daniel Gazdag
Ungarn - Angreb",2500000.0
"Jerdy Schouten
Holland - Midtbane",2500000.0
"Quinten Timber
Holland - Midtbane",2500000.0
"Jan Bednarek
Polen - Forsvar",2500000.0
"Matthew Cash
Polen - Forsvar",2500000.0
"Pawel Dawidowicz
Polen - Forsvar",2500000.0
"Kamil Grosicki
Polen - Midtbane",2500000.0
"Jakub Piotrowski
Polen - Midtbane",2500000.0
"Bartosz Slisz
Polen - Midtbane",2500000.0
"Damian Szymanski
Polen - Midtbane",2500000.0
"Adam Buksa
Polen - Angreb",2500000.0
"Krzysztof Piatek
Polen - Angreb",2500000.0
"Pepe
Portugal - Forsvar",2500000.0
"Nelson Semedo
Portugal - Forsvar",2500000.0
"João Neves
Portugal - Midtbane",2500000.0
"Andrei Ratiu
Rumænien - Forsvar",2500000.0
"Razvan Marin
Rumænien - Midtbane",2500000.0
"Darius Olaru
Rumænien - Midtbane",2500000.0
"Alexandru Cicaldau
Rumænien - Midtbane",2500000.0
"Florin Tanase
Rumænien - Midtbane",2500000.0
"Florinel Coman
Rumænien - Midtbane",2500000.0
"George Puscas
Rumænien - Angreb",2500000.0
"Cristian Manea
Rumænien - Forsvar",2500000.0
"Liam Kelly
Skotland - Mål",2500000.0
"Craig Gordon
Skotland - Mål",2500000.0
"Jack Hendry
Skotland - Forsvar",2500000.0
"Ryan Porteous
Skotland - Forsvar",2500000.0
"Billy Gilmour
Skotland - Midtbane",2500000.0
"Stuart Armstrong
Skotland - Midtbane",2500000.0
"Ryan Christie
Skotland - Midtbane",2500000.0
"Che Adams
Skotland - Angreb",2500000.0
"Lawrence Shankland
Skotland - Angreb",2500000.0
"Scott McKenna
Skotland - Forsvar",2500000.0
"Strahinja Erakovic
Serbien - Forsvar",2500000.0
"Srdjan Babic
Serbien - Forsvar",2500000.0
"Lazar Samardzic
Serbien - Midtbane",2500000.0
"Ivan Ilic
Serbien - Midtbane",2500000.0
"Henrich Ravas
Slovakiet - Mål",2500000.0
"Denis Vavro
Slovakiet - Forsvar",2500000.0
"Peter Pekarik
Slovakiet - Forsvar",2500000.0
"Michal Tomic
Slovakiet - Forsvar",2500000.0
"Norbert Gyömber
Slovakiet - Forsvar",2500000.0
"Tomas Suslov
Slovakiet - Midtbane",2500000.0
"Laszlo Benes
Slovakiet - Midtbane",2500000.0
"Juraj Kucka
Slovakiet - Midtbane",2500000.0
"Robert Mak
Slovakiet - Midtbane",2500000.0
"Matus Bero
Slovakiet - Midtbane",2500000.0
"Stanislav Lobotka
Slovakiet - Midtbane",2500000.0
"Robert Polievka
Slovakiet - Angreb",2500000.0
"Leo Sauer
Slovakiet - Angreb",2500000.0
"Igor Vekic
Slovenien - Mål",2500000.0
"Jaka Bijol
Slovenien - Forsvar",2500000.0
"David Brekalo
Slovenien - Forsvar",2500000.0
"Erik Janza
Slovenien - Forsvar",2500000.0
"Sandi Lovric
Slovenien - Midtbane",2500000.0
"Benjamin Verbic
Slovenien - Midtbane",2500000.0
"Timi Max Elsnik
Slovenien - Midtbane",2500000.0
"Tomi Horvat
Slovenien - Midtbane",2500000.0
"Zan Celar
Slovenien - Angreb",2500000.0
"Zan Vipotnik
Slovenien - Angreb",2500000.0
"Daniel Vivian
Spanien - Forsvar",2500000.0
"Marc Cucurella
Spanien - Forsvar",2500000.0
"Pau Cubarsi
Spanien - Forsvar",2500000.0
"Alex Baena
Spanien - Midtbane",2500000.0
"Nico Elvedi
Schweiz - Forsvar",2500000.0
"Fabian Schär
Schweiz - Forsvar",2500000.0
"Michel Aebischer
Schweiz - Midtbane",2500000.0
"Renato Steffen
Schweiz - Midtbane",2500000.0
"Denis Zakaria
Schweiz - Midtbane",2500000.0
"Dan Ndoye
Schweiz - Angreb",2500000.0
"Mykola Matviienko
Ukraine - Forsvar",2500000.0
"Vitaliy Mykolenko
Ukraine - Forsvar",2500000.0
"Oleksandr Zubkov
Ukraine - Midtbane",2500000.0
"Oleksiy Gutsulyak
Ukraine - Midtbane",2500000.0
"Danylo Sikan
Ukraine - Angreb",2500000.0
"Abdulkerim Bardakci
Tyrkiet - Forsvar",2500000.0
"Merih Demiral
Tyrkiet - Forsvar",2500000.0
"Zeki Celik
Tyrkiet - Forsvar",2500000.0
"Salih Özcan
Tyrkiet - Midtbane",2500000.0
"Enes Ünal
Tyrkiet - Angreb",2500000.0
"Mehmet Umut Nayir
Tyrkiet - Angreb",2500000.0
"Kenan Yildiz
Tyrkiet - Angreb",2500000.0
"Bertug Yildirim
Tyrkiet - Angreb",2500000.0
"Ardian Ismajli
Albanien - Forsvar",2500000.0
"Florian Kainz
Østrig - Midtbane",2500000.0
"Aleksandar Pavlovic
Tyskland - Midtbane",2500000.0
"Peter Szappanos
Ungarn - Mål",2500000.0
"Arthur Vermeeren
Belgien - Midtbane",2500000.0
"Volodymyr Brazhko
Ukraine - Midtbane",2500000.0
"Taras Stepanenko
Ukraine - Midtbane",2500000.0
"Bradley Barcola
Frankrig - Angreb",2500000.0
"Steven Zuber
Schweiz - Midtbane",2500000.0
"Nemanja Gudelj
Serbien - Forsvar",2500000.0
"Nemanja Maksimovic
Serbien - Midtbane",2500000.0
"Vladyslav Vanat
Ukraine - Angreb",2500000.0
"Micky van de Ven
Holland - Forsvar",2500000.0
"Ian Maatsen
Holland - Forsvar",2500000.0
"Ryan Gravenberch
Holland - Midtbane",2500000.0
"Pedro Neto
Portugal - Angreb",2500000.0
"Grant Hanley
Skotland - Forsvar",2500000.0
"Raoul Bellanova
Italien - Forsvar",2500000.0
"Riccardo Calafiori
Italien - Forsvar",2500000.0
"Michael Folorunsho
Italien - Midtbane",2500000.0
"Nicolo Fagioli
Italien - Midtbane",2500000.0
"Samuele Ricci
Italien - Midtbane",2500000.0
"Ivan Balliu Campeny
Albanien - Forsvar",2000000.0
"Marash Kumbulla
Albanien - Forsvar",2000000.0
"Enea Mihaj
Albanien - Forsvar",2000000.0
"Frederic Veseli
Albanien - Forsvar",2000000.0
"Jon Mersinaj
Albanien - Forsvar",2000000.0
"Klaus Gjasula
Albanien - Midtbane",2000000.0
"Keidi Bare
Albanien - Midtbane",2000000.0
"Qazim Laci
Albanien - Midtbane",2000000.0
"Anis Mehmeti
Albanien - Midtbane",2000000.0
"Ernest Muci
Albanien - Angreb",2000000.0
"Rey Manaj
Albanien - Angreb",2000000.0
"Stefan Lainer
Østrig - Forsvar",2000000.0
"Leopold Querfeld
Østrig - Forsvar",2000000.0
"Alexander Prass
Østrig - Midtbane",2000000.0
"Matthias Seidl
Østrig - Midtbane",2000000.0
"Andreas Weimann
Østrig - Midtbane",2000000.0
"Marin Pongracic
Kroatien - Forsvar",2000000.0
"Martin Baturina
Kroatien - Midtbane",2000000.0
"Marco Pasalic
Kroatien - Midtbane",2000000.0
"Marko Pjaca
Kroatien - Angreb",2000000.0
"Adam Gabriel
Tjekkiet - Forsvar",2000000.0
"Robin Hranac
Tjekkiet - Forsvar",2000000.0
"Michal Sadilek
Tjekkiet - Midtbane",2000000.0
"Alex Kral
Tjekkiet - Midtbane",2000000.0
"Lukas Masopust
Tjekkiet - Midtbane",2000000.0
"Victor Nelsson
Danmark - Forsvar",2000000.0
"Lasha Dvali
Georgien - Forsvar",2000000.0
"Giorgi Gocholeishvili
Georgien - Forsvar",2000000.0
"Giorgi Gvelesiani
Georgien - Forsvar",2000000.0
"Saba Sazonov
Georgien - Forsvar",2000000.0
"Sandro Altunashvili
Georgien - Midtbane",2000000.0
"Giorgi Kochorashvili
Georgien - Midtbane",2000000.0
"Vladimer Mamuchashvili
Georgien - Midtbane",2000000.0
"Georgiy Tsitaishvili
Georgien - Midtbane",2000000.0
"Nika Kvekveskiri
Georgien - Midtbane",2000000.0
"Anzor Mekvabishvili
Georgien - Midtbane",2000000.0
"Giorgi Kvilitaia
Georgien - Angreb",2000000.0
"Botond Balogh
Ungarn - Forsvar",2000000.0
"Marton Dardai
Ungarn - Forsvar",2000000.0
"Krisztofer Horvath
Ungarn - Midtbane",2000000.0
"Laszlo Kleinheisler
Ungarn - Midtbane",2000000.0
"Bartosz Bereszynski
Polen - Forsvar",2000000.0
"Pawel Bochniewicz
Polen - Forsvar",2000000.0
"Tymoteusz Puchacz
Polen - Forsvar",2000000.0
"Bartosz Salamon
Polen - Forsvar",2000000.0
"Sebastian Walukiewicz
Polen - Forsvar",2000000.0
"Dominik Marczuk
Polen - Midtbane",2000000.0
"Jakub Moder
Polen - Midtbane",2000000.0
"Taras Romanczuk
Polen - Midtbane",2000000.0
"Pawel Wszolek
Polen - Midtbane",2000000.0
"Francisco Conceicao
Portugal - Angreb",2000000.0
"Bogdan Racovitan
Rumænien - Forsvar",2000000.0
"Ionut Nedelcearu
Rumænien - Forsvar",2000000.0
"Adrian Rus
Rumænien - Forsvar",2000000.0
"Raul Oprut
Rumænien - Forsvar",2000000.0
"Deian Sorescu
Rumænien - Midtbane",2000000.0
"Liam Cooper
Skotland - Forsvar",2000000.0
"Anthony Ralston
Skotland - Forsvar",2000000.0
"John Souttar
Skotland - Forsvar",2000000.0
"Greg Taylor
Skotland - Forsvar",2000000.0
"Erhan Masovic
Serbien - Forsvar",2000000.0
"Sasa Zdjelar
Serbien - Midtbane",2000000.0
"Srdan Mijailovic
Serbien - Midtbane",2000000.0
"Mijat Gacinovic
Serbien - Midtbane",2000000.0
"Samed Bazdar
Serbien - Angreb",2000000.0
"Sebastian Kosa
Slovakiet - Forsvar",2000000.0
"Adam Obert
Slovakiet - Forsvar",2000000.0
"Vernon De Marco
Slovakiet - Forsvar",2000000.0
"Patrik Hrosovsky
Slovakiet - Midtbane",2000000.0
"Ivan Schranz
Slovakiet - Midtbane",2000000.0
"Lubomir Tupta
Slovakiet - Angreb",2000000.0
"David Duris
Slovakiet - Angreb",2000000.0
"Jure Balkovec
Slovenien - Forsvar",2000000.0
"Miha Blazic
Slovenien - Forsvar",2000000.0
"Vanja Drkusic
Slovenien - Forsvar",2000000.0
"Jon Gorenc Stankovic
Slovenien - Midtbane",2000000.0
"Jasmin Kurtic
Slovenien - Midtbane",2000000.0
"Ulisses Garcia
Schweiz - Forsvar",2000000.0
"Kevin Mbabu
Schweiz - Forsvar",2000000.0
"Becir Omeragic
Schweiz - Forsvar",2000000.0
"Cedric Zesiger
Schweiz - Forsvar",2000000.0
"Uran Bislimi
Schweiz - Midtbane",2000000.0
"Vincent Sierro
Schweiz - Midtbane",2000000.0
"Oleksandr Karavaev
Ukraine - Forsvar",2000000.0
"Oleksandr Tymchyk
Ukraine - Forsvar",2000000.0
"Denys Popov
Ukraine - Forsvar",2000000.0
"Valeriy Bondar
Ukraine - Forsvar",2000000.0
"Bogdan Mykhaylichenko
Ukraine - Forsvar",2000000.0
"Maksym Taloverov
Ukraine - Forsvar",2000000.0
"Serhiy Sydorchuk
Ukraine - Midtbane",2000000.0
"Mykola Shaparenko
Ukraine - Midtbane",2000000.0
"Oleksandr Pikhalyonok
Ukraine - Midtbane",2000000.0
"Cenk Özkacar
Tyrkiet - Forsvar",2000000.0
"Samet Akaydin
Tyrkiet - Forsvar",2000000.0
"Caglar Soyuncu
Tyrkiet - Forsvar",2000000.0
"Onur Bulut
Tyrkiet - Forsvar",2000000.0
"Arlind Ajeti
Albanien - Forsvar",2000000.0
"Naser Aliji
Albanien - Forsvar",2000000.0
"Amir Abrashi
Albanien - Midtbane",2000000.0
"Arbnor Mucolli
Albanien - Midtbane",2000000.0
"Arber Hoxha
Albanien - Midtbane",2000000.0
"Odise Roshi
Albanien - Midtbane",2000000.0
"Milan Gajic
Serbien - Forsvar",2000000.0
"Miha Zajc
Slovenien - Midtbane",2000000.0
"Zan Zaletel
Slovenien - Forsvar",2000000.0
"Endre Botka
Ungarn - Forsvar",2000000.0
"Attila Fiola
Ungarn - Forsvar",2000000.0
"Mihaly Kata
Ungarn - Midtbane",2000000.0
"Kevin Csoboth
Ungarn - Angreb",2000000.0
"Uros Spajic
Serbien - Forsvar",2000000.0
"Gernot Trauner
Østrig - Forsvar",2000000.0
"Flavius Daniliuc
Østrig - Forsvar",2000000.0
"Thierno Ballo
Østrig - Midtbane",2000000.0
"Marco Grüll
Østrig - Midtbane",2000000.0
"Ross McCrorie
Skotland - Forsvar",2000000.0
"Ben Doak
Skotland - Angreb",2000000.0
"Ryan Jack
Skotland - Midtbane",2000000.0
"James Forrest
Skotland - Angreb",2000000.0
